<?xml version="1.0" encoding="UTF-8"?>
<project-private xmlns="http://www.netbeans.org/ns/project-private/1">
    <editor-bookmarks xmlns="http://www.netbeans.org/ns/editor-bookmarks/2" lastBookmarkId="0"/>
    <open-files xmlns="http://www.netbeans.org/ns/projectui-open-files/2">
        <group>
            <file>file:/C:/Users/cbyer/MPLABXProjects/ECE3232%20Master.X/Driving.h</file>
            <file>file:/C:/Users/cbyer/MPLABXProjects/ECE3232%20Master.X/IR.h</file>
            <file>file:/C:/Users/cbyer/MPLABXProjects/ECE3232%20Master.X/SheildCode.h</file>
            <file>file:/C:/Users/cbyer/MPLABXProjects/ECE3232%20Master.X/Master.c</file>
            <file>file:/C:/Users/cbyer/MPLABXProjects/ECE3232%20Master.X/Commands.h</file>
            <file>file:/C:/Users/cbyer/MPLABXProjects/ECE3232%20Master.X/Line%20Follower.h</file>
        </group>
    </open-files>
</project-private>
